{"RuleTriggered": 0, "Violations": 0, "Details": {"Network": {"algo-1": {"max": 57627164.4, "p99": 0, "p95": 0, "p50": 0, "min": 0}}, "GPU": {"algo-1": {"max": 100.0, "p99": 100.0, "p95": 100.0, "p50": 65.0, "min": 0}}, "CPU": {"algo-1": {"max": 100.0, "p99": 90.25, "p95": 79.91, "p50": 62.65, "min": 28.15}}, "CPU memory": {"algo-1": {"max": 4.03, "p99": 3.95, "p95": 3.85, "p50": 3.83, "min": 1.81}}, "GPU memory": {"algo-1": {"max": 86.0, "p99": 80.0, "p95": 71.0, "p50": 35.0, "min": 0}}, "I/O": {"algo-1": {"max": 62.5, "p99": 9.35, "p95": 0.96, "p50": 0, "min": 0}}}, "Datapoints": 19484, "RuleParameters": ""}